name,cc,provider
Michelle Hayden DVM,3547210741856990,Diners Club / Carte Blanche
Angel Davis,3540832387144154,JCB 16 digit
Jacob Hogan,180063006942783,Mastercard
Brenda Davis,4786073489417237,JCB 16 digit
Stephen Scott,30129358735554,American Express
Melissa Powell,676217080248,Diners Club / Carte Blanche
Andrew Beck,4430573741704827,Discover
Erin Nichols,6011282770745063,VISA 19 digit
Kenneth Webster,4527050161213,JCB 16 digit
Scott Caldwell,4805286308823503,Diners Club / Carte Blanche
Tabitha Baker,6011807832305223,JCB 16 digit
Gregory Zimmerman,4201514794698000,Discover
Sharon Robbins,4128404573219,JCB 16 digit
Patricia Alvarez,3547047613521330,JCB 16 digit
Keith Hughes,4210023799146070231,JCB 16 digit
